id_exp;n_flights;pilots;time;
10_1;284;143;1.88311;
10_2;300;123;2.1688;
10_3;252;104;1.26478;
10_4;251;113;1.14348;
10_5;283;119;1.80622;
10_6;287;128;1.67544;
10_7;284;132;1.50877;
10_8;259;111;1.16191;
10_9;264;114;1.21406;
10_10;255;117;1.11055;
